socco_461,GINA_TRIALS.MI,20180914T075223,-2748.876,3240.608,14.3782371677215,93.0480790382186,-2747,3248,10.6364390715256,2.49532967032967,2.5,socco_461_network_20180914T075223.log
socco_461,GINA_TRIALS.MI,20180914T075223,-2748.876,3240.608,14.3702009703233,92.6483650700787,-2747,3248,11.2480014427795,2.49908424908425,2.5,socco_461_network_20180914T075223.log
socco_461,GINA_TRIALS.MI,20180914T075223,-2748.876,3240.608,14.3556325912944,92.5521232811523,-2747,3248,11.395251379837,2.49908424908425,2.5,socco_461_network_20180914T075223.log
socco_461,100M.MI,20180914T101121,-2749.362,3240.423,14.379795687325,92.4442391857671,-2747,3248,11.5603140457764,2.49655067155067,2.5,socco_461_network_20180914T101121.log
socco_461,100M.MI,20180914T101121,-2749.362,3240.423,14.3699075226063,92.3782670508092,-2747,3248,11.661251412262,2.4990231990232,2.5,socco_461_network_20180914T101121.log
socco_461,100M.MI,20180914T101121,-2749.362,3240.423,14.3710452196741,92.3743862819896,-2747,3248,11.6671889885559,2.49911477411477,2.5,socco_461_network_20180914T101121.log
socco_461,100M.MI,20180914T105650,-2749.421,3240.416,14.3508051620714,92.2719353252835,-2747,3248,11.8239389523163,2.49539072039072,2.49859584859585,socco_461_network_20180914T105650.log
socco_461,100M.MI,20180914T105650,-2749.421,3240.416,14.354237441194,92.2455464401345,-2747,3248,11.8643139465942,2.49850427350427,2.5,socco_461_network_20180914T105650.log
socco_461,100M.MI,20180914T113148,-2749.491,3240.442,14.3521665782002,92.1244679800894,-2747,3248,12.0495639904632,2.49777167277167,2.5,socco_461_network_20180914T113148.log
socco_461,100M.MI,20180914T113148,-2749.491,3240.442,14.3555511413814,92.1205872112698,-2747,3248,12.0555015667572,2.49874847374847,2.5,socco_461_network_20180914T113148.log
socco_461,100M.MI,20180914T120610,-2749.562,3240.466,14.3310885799257,92.0235692374136,-2747,3248,12.2039390667572,2.49850427350427,2.5,socco_461_network_20180914T120610.log
socco_461,100M.MI,20180914T120610,-2749.562,3240.466,14.3380586858769,91.9971805080937,-2747,3248,12.2443138226166,2.4969474969475,2.4995115995116,socco_461_network_20180914T120610.log
socco_461,100M.MI,20180914T124035,-2749.675,3240.483,14.329563609448,91.8737736490885,-2747,3248,12.4331263168945,2.49871794871795,2.5,socco_461_network_20180914T124035.log
socco_461,100M.MI,20180914T131619,-2749.819,3240.545,14.3322959015049,91.7736510913425,-2747,3248,12.586313830246,2.49896214896215,2.5,socco_461_network_20180914T131619.log
socco_461,100M.MI,20180914T131619,-2749.819,3240.545,14.3189730135523,91.7472622061935,-2747,3248,12.6266888245239,2.49871794871795,2.5,socco_461_network_20180914T131619.log
socco_461,100M.MI,20180914T135015,-2749.926,3240.603,14.292481180102,91.6238553471883,-2747,3248,12.8155013188019,2.49884004884005,2.5,socco_461_network_20180914T135015.log
socco_461,100M.MI,20180914T144224,-2750.117,3240.646,14.3056980256645,91.4670740944956,-2747,3248,13.0553766354218,2.49822954822955,2.5,socco_461_network_20180914T144224.log
socco_461,100M.MI,20180914T145254,-2750.177,3240.573,14.2957760235878,91.4298193994759,-2747,3248,13.1123763188019,2.49874847374847,2.5,socco_461_network_20180914T145254.log
socco_461,100M.MI,20180914T145254,-2750.177,3240.573,14.3001861493137,91.4220578618367,-2747,3248,13.1242514713898,2.49850427350427,2.5,socco_461_network_20180914T145254.log
socco_461,100M.MI,20180914T154607,-2750.440,3240.679,14.2909053745878,91.2846801415836,-2747,3248,13.3344393833771,2.49813797313797,2.5,socco_461_network_20180914T154607.log
socco_461,100M.MI,20180914T154607,-2750.440,3240.679,14.273541490602,91.2458730767044,-2747,3248,13.3938141926422,2.4960927960928,2.49923687423687,socco_461_network_20180914T154607.log
socco_461,100M.MI,20180914T164207,-2750.718,3240.731,14.2911317272655,91.107719639009,-2747,3248,13.6051889523163,2.4979242979243,2.5,socco_461_network_20180914T164207.log
socco_461,100M.MI,20180914T164207,-2750.718,3240.731,14.2766757227053,91.0689122624715,-2747,3248,13.6645642384186,2.49426129426129,2.49740537240537,socco_461_network_20180914T164207.log
socco_461,,20180914T174745,-2751.051,3240.714,14.2949790975519,90.9090265817181,-2747,3248,13.9091893299713,2.49603174603175,2.5,socco_461_network_20180914T174745.log
socco_461,100M.MI,20180914T174745,-2751.051,3240.714,14.2636766099206,90.8717718866984,-2747,3248,13.9661890133514,2.49575702075702,2.49807692307692,socco_461_network_20180914T174745.log
socco_461,100M.MI,20180914T185057,-2751.430,3240.740,14.255529275568,90.6878258755852,-2747,3248,14.2476264103546,2.49807692307692,2.49996947496947,socco_461_network_20180914T185057.log
socco_461,100M.MI,20180914T185057,-2751.430,3240.740,14.2547167631516,90.6800646496043,-2747,3248,14.2595010861053,2.49789377289377,2.5,socco_461_network_20180914T185057.log
socco_461,100M.MI,20180914T195428,-2751.886,3240.781,14.2473711902204,90.5225070561527,-2747,3248,14.5005642040863,2.49395604395604,2.49688644688645,socco_461_network_20180914T195428.log
socco_461,100M.MI,20180914T200512,-2752.052,3240.690,14.2389922364724,90.4751624245338,-2747,3248,14.5730014904632,2.4976800976801,2.5,socco_461_network_20180914T200512.log
socco_461,100M.MI,20180914T200512,-2752.052,3240.690,14.2239688519879,90.4518781232747,-2747,3248,14.6086264713898,2.49642857142857,2.49929792429792,socco_461_network_20180914T200512.log
socco_461,100M.MI,20180914T211810,-2752.610,3240.785,14.2452422103301,90.269484482021,-2747,3248,14.8876887425079,2.49505494505494,2.5,socco_461_network_20180914T211810.log
socco_461,100M.MI,20180914T223854,-2753.235,3240.921,14.234195107896,90.0094760876924,-2747,3248,15.2855015858307,2.49832112332112,2.49990842490842,socco_461_network_20180914T223854.log
socco_461,100M.MI,20180914T223854,-2753.235,3240.921,14.2206022149331,90.0017145500532,-2747,3248,15.2973767384186,2.49777167277167,2.5,socco_461_network_20180914T223854.log
socco_461,100M.MI,20180915T000417,-2753.924,3240.941,14.2087797173559,89.7975886657416,-2747,3248,15.6096893414154,2.4976800976801,2.49996947496947,socco_461_network_20180915T000417.log
socco_461,100M.MI,20180915T000417,-2753.924,3240.941,14.1809156008845,89.7595579416213,-2747,3248,15.6678763493194,2.49838217338217,2.5,socco_461_network_20180915T000417.log
socco_461,100M.MI,20180915T012857,-2754.512,3241.112,14.180213347699,89.5197294204911,-2747,3248,16.0348139866486,2.49822954822955,2.5,socco_461_network_20180915T012857.log
socco_461,100M.MI,20180915T025141,-2755.031,3241.255,14.1783512157631,89.3202603340997,-2747,3248,16.3400016888275,2.49490231990232,2.4980463980464,socco_461_network_20180915T025141.log
socco_461,100M.MI,20180915T025141,-2755.031,3241.255,14.1750080436173,89.28300563908,-2747,3248,16.3970013722076,2.49822954822955,2.49990842490842,socco_461_network_20180915T025141.log
socco_461,100M.MI,20180915T042421,-2755.443,3241.390,14.172819684301,89.06335667949,-2747,3248,16.7330642803802,2.4979242979243,2.49993894993895,socco_461_network_20180915T042421.log
socco_461,100M.MI,20180915T042421,-2755.443,3241.390,14.1421930568967,89.0175647293889,-2747,3248,16.803125964035,2.49795482295482,2.5,socco_461_network_20180915T042421.log
socco_461,100M.MI,20180915T055740,-2755.897,3241.520,14.1525990503707,88.800244168759,-2747,3248,17.1356264217987,2.4979242979243,2.49990842490842,socco_461_network_20180915T055740.log
socco_461,100M.MI,20180915T055740,-2755.897,3241.520,14.126143442763,88.7598850456786,-2747,3248,17.1973758801117,2.49807692307692,2.49993894993895,socco_461_network_20180915T055740.log
socco_461,100M.MI,20180915T060938,-2755.994,3241.511,14.0938906298538,88.7203013283823,-2747,3248,17.2579389675751,2.49826007326007,2.5,socco_461_network_20180915T060938.log
socco_461,100M.MI,20180915T075926,-2756.533,3241.706,14.1302082626458,88.4307994650149,-2747,3248,17.7008768185272,2.49789377289377,2.5,socco_461_network_20180915T075926.log
socco_461,100M.MI,20180915T080815,-2756.533,3241.706,14.0943046220036,88.4152770130532,-2747,3248,17.7246261700287,2.4979242979243,2.5,socco_461_network_20180915T080815.log
socco_461,100M.MI,20180915T095517,-2757.254,3241.806,14.0986536735452,88.1583733584435,-2747,3248,18.1176887615814,2.497557997558,2.5,socco_461_network_20180915T095517.log
socco_461,100M.MI,20180915T095517,-2757.254,3241.806,14.0760202448024,88.1156855247448,-2747,3248,18.1830011471405,2.49813797313797,2.5,socco_461_network_20180915T095517.log
socco_461,100M.MI,20180915T114700,-2758.127,3241.953,14.1004527849247,87.8626620156382,-2747,3248,18.5701271160736,2.49392551892552,2.49722222222222,socco_461_network_20180915T114700.log
socco_461,100M.MI,20180915T114700,-2758.127,3241.953,14.0795483811024,87.8191981528388,-2747,3248,18.6366268261566,2.49813797313797,2.4998778998779,socco_461_network_20180915T114700.log
socco_461,100M.MI,20180915T134122,-2758.929,3242.026,14.0786900571668,87.557637700309,-2747,3248,19.0368143185272,2.49783272283272,2.5,socco_461_network_20180915T134122.log
socco_461,100M.MI,20180915T134122,-2758.929,3242.026,14.0485078697454,87.5172785772286,-2747,3248,19.0985637768402,2.4952380952381,2.49942002442002,socco_461_network_20180915T134122.log
socco_461,100M.MI,20180915T155451,-2759.705,3242.093,14.0457348382573,87.22622465566,-2747,3248,19.5438762768402,2.49438339438339,2.49749694749695,socco_461_network_20180915T155451.log
socco_461,100M.MI,20180915T155451,-2759.705,3242.093,14.0170710065342,87.1742232261209,-2747,3248,19.623438464035,2.49819902319902,2.5,socco_461_network_20180915T155451.log
socco_461,100M.MI,20180915T160947,-2800.029,3241.889,13.9800030443789,87.120669115064,-2747,3248,19.705376253952,2.49728327228327,2.5,socco_461_network_20180915T160947.log
socco_461,100M.MI,20180915T182516,-2800.878,3241.663,14.0178678149742,86.8195255685544,-2747,3248,20.1661258801117,2.49444444444444,2.49761904761905,socco_461_network_20180915T182516.log
socco_461,100M.MI,20180915T182516,-2800.878,3241.663,13.9825836346742,86.7721809369355,-2747,3248,20.2385631664886,2.49835164835165,2.5,socco_461_network_20180915T182516.log
socco_461,100M.MI,20180915T203459,-2801.974,3241.423,13.9656118865329,86.4857831899705,-2747,3248,20.6767517193451,2.49716117216117,2.49996947496947,socco_461_network_20180915T203459.log
socco_461,100M.MI,20180915T234423,-2803.786,3241.097,13.9404845308798,85.9991406391717,-2747,3248,21.4213148220673,2.49435286935287,2.49984737484737,socco_461_network_20180915T234423.log
socco_461,100M.MI,20180915T234423,-2803.786,3241.097,13.8906056013208,85.8904809821733,-2747,3248,21.5875640972748,2.49835164835165,2.5,socco_461_network_20180915T234423.log
socco_461,100M.MI,20180916T014318,-2805.369,3240.818,13.9093438016192,85.6374580963833,-2747,3248,21.9746891125336,2.49813797313797,2.49996947496947,socco_461_network_20180916T014318.log
socco_461,100M.MI,20180916T023211,-2806.119,3240.714,13.8511317200181,85.4783484447305,-2747,3248,22.2181268795624,2.4979242979243,2.49990842490842,socco_461_network_20180916T023211.log
socco_461,100M.MI,20180916T023211,-2806.119,3240.714,13.8453581828362,85.4310038131115,-2747,3248,22.2905641659393,2.49868742368742,2.49996947496947,socco_461_network_20180916T023211.log
socco_461,100M.MI,20180916T044248,-2807.171,3240.640,13.9175309520447,85.1383978333417,-2747,3248,22.7382513149872,2.4980463980464,2.49993894993895,socco_461_network_20180916T044248.log
socco_461,100M.MI,20180916T044248,-2807.171,3240.640,13.8997045888607,85.0848437222849,-2747,3248,22.8201891049042,2.4978021978022,2.5,socco_461_network_20180916T044248.log
socco_461,100M.MI,20180916T065008,-2808.350,3240.418,13.9086410210426,84.8007753092548,-2747,3248,23.2548137768402,2.49395604395604,2.49764957264957,socco_461_network_20180916T065008.log
socco_461,100M.MI,20180916T065008,-2808.350,3240.418,13.8818590064158,84.7534306776358,-2747,3248,23.3272510632172,2.49798534798535,2.49996947496947,socco_461_network_20180916T065008.log
socco_461,100M.MI,20180916T071930,-2809.101,3240.290,13.8227476680808,84.6432183391197,-2747,3248,23.4958759411468,2.49835164835165,2.5,socco_461_network_20180916T071930.log
socco_461,100M.MI,20180916T092015,-2810.352,3239.812,13.8960048259288,84.3645821297939,-2747,3248,23.9221893414154,2.49493284493284,2.49993894993895,socco_461_network_20180916T092015.log
socco_461,100M.MI,20180916T092015,-2810.352,3239.812,13.8676404413589,84.3001623646954,-2747,3248,24.020751582016,2.49673382173382,2.5,socco_461_network_20180916T092015.log
socco_461,100M.MI,20180916T105833,-2811.779,3239.593,13.8507777698847,84.027736258124,-2747,3248,24.4375635250702,2.495115995116,2.49942002442002,socco_461_network_20180916T105833.log
socco_461,100M.MI,20180916T125455,-2813.297,3239.381,13.8973821330108,83.7599663261563,-2747,3248,24.8472515209808,2.49771062271062,2.49993894993895,socco_461_network_20180916T125455.log
socco_461,100M.MI,20180916T125455,-2813.297,3239.381,13.8641664028037,83.7102942305521,-2747,3248,24.9232498272552,2.49798534798535,2.5,socco_461_network_20180916T125455.log
socco_461,100M.MI,20180916T143402,-2814.756,3238.901,13.8747058544002,83.4735698258244,-2747,3248,25.2854381664886,2.49789377289377,2.5,socco_461_network_20180916T143402.log
socco_461,100M.MI,20180916T143402,-2814.756,3238.901,13.8345138910263,83.4301059630251,-2747,3248,25.3519378765716,2.4976800976801,2.5,socco_461_network_20180916T143402.log
socco_461,100M.MI,20180916T164927,-2816.163,3238.610,13.8649655462269,83.1289617931989,-2747,3248,25.8126884564056,2.49407814407814,2.49749694749695,socco_461_network_20180916T164927.log
socco_461,100M.MI,20180916T164927,-2816.163,3238.610,13.8417503789259,83.0691982027041,-2747,3248,25.9041267498627,2.4984126984127,2.49993894993895,socco_461_network_20180916T164927.log
socco_461,100M.MI,20180916T171740,-2817.174,3238.357,13.7579445469224,82.9682994600284,-2747,3248,26.0585018261566,2.49618437118437,2.49838217338217,socco_461_network_20180916T171740.log
socco_461,100M.MI,20180916T192421,-2818.557,3237.828,13.8453434142676,82.6780221908769,-2747,3248,26.5026260479584,2.49777167277167,2.49993894993895,socco_461_network_20180916T192421.log
socco_461,100M.MI,20180916T192421,-2818.557,3237.828,13.79093820126,82.6221393692017,-2747,3248,26.5881267651214,2.49819902319902,2.5,socco_461_network_20180916T192421.log
socco_461,100M.MI,20180916T214806,-2820.024,3237.523,13.81754298391,82.2604562030967,-2747,3248,27.1415020092621,2.49664224664225,2.5,socco_461_network_20180916T214806.log
socco_461,100M.MI,20180916T214806,-2820.024,3237.523,13.81754298391,82.2573520866942,-2747,3248,27.1462513073578,2.4965811965812,2.49993894993895,socco_461_network_20180916T214806.log
socco_461,100M.MI,20180916T222256,-2820.918,3237.383,13.7298029370475,82.1432589793586,-2747,3248,27.3208137615814,2.49566544566544,2.49899267399268,socco_461_network_20180916T222256.log
socco_461,100M.MI,20180916T222256,-2820.918,3237.383,13.7228802569083,82.1354974417194,-2747,3248,27.3326889141693,2.49847374847375,2.5,socco_461_network_20180916T222256.log
socco_461,100M.MI,20180917T003410,-2822.452,3237.004,13.8359525429671,81.8359053300945,-2747,3248,27.7910648449554,2.49453601953602,2.49771062271062,socco_461_network_20180917T003410.log
socco_461,100M.MI,20180917T003410,-2822.452,3237.004,13.7788780143236,81.7823512190376,-2747,3248,27.8730026348724,2.49377289377289,2.49710012210012,socco_461_network_20180917T003410.log
socco_461,100M.MI,20180917T025038,-2824.162,3236.632,13.8075761084061,81.4819837016286,-2747,3248,28.3325649365082,2.49386446886447,2.49722222222222,socco_461_network_20180917T025038.log
socco_461,100M.MI,20180917T025038,-2824.162,3236.632,13.7895264522466,81.4346390700097,-2747,3248,28.4050022228851,2.4978021978022,2.5,socco_461_network_20180917T025038.log
socco_461,100M.MI,20180917T032002,-2825.083,3236.500,13.7105780417552,81.3228746732924,-2747,3248,28.5760017498627,2.49819902319902,2.49996947496947,socco_461_network_20180917T032002.log
socco_461,100M.MI,20180917T053451,-2826.674,3235.964,13.8171002834171,81.0186263870638,-2747,3248,29.0415016277924,2.49789377289377,2.5,socco_461_network_20180917T053451.log
socco_461,100M.MI,20180917T053451,-2826.674,3235.964,13.8072472836562,80.9751625242645,-2747,3248,29.1080013378754,2.49795482295482,2.49996947496947,socco_461_network_20180917T053451.log
socco_461,100M.MI,20180917T080330,-2828.433,3235.557,13.7909539882859,80.6507337415209,-2747,3248,29.604377375473,2.49746642246642,2.5,socco_461_network_20180917T080330.log
socco_461,100M.MI,20180917T081626,-2828.965,3235.469,13.720099555651,80.5909713976592,-2747,3248,29.6958137615814,2.4976800976801,2.5,socco_461_network_20180917T081626.log
socco_461,100M.MI,20180917T081626,-2828.965,3235.469,13.7255267689878,80.5653580741234,-2747,3248,29.7350021465912,2.49795482295482,2.5,socco_461_network_20180917T081626.log
socco_461,100M.MI,20180917T104222,-2830.719,3234.757,13.7589484485033,80.2393784798117,-2747,3248,30.2337509258881,2.49810744810745,2.49993894993895,socco_461_network_20180917T104222.log
socco_461,100M.MI,20180917T104222,-2830.719,3234.757,13.7282197939592,80.1881530793732,-2747,3248,30.312125788559,2.49807692307692,2.49996947496947,socco_461_network_20180917T104222.log
socco_461,100M.MI,20180917T154230,-2834.677,3233.493,13.7495672031291,79.5160121476018,-2747,3248,31.3405014141693,2.49752747252747,2.49996947496947,socco_461_network_20180917T154230.log
socco_461,100M.MI,20180917T154230,-2834.677,3233.493,13.7134756860608,79.4236503483492,-2747,3248,31.4818149670258,2.49813797313797,2.5,socco_461_network_20180917T154230.log
socco_461,100M.MI,20180918T121106,-2849.011,3228.480,13.6338291606415,76.4828416345235,-2747,3248,35.9812522991791,2.49783272283272,2.5,socco_461_network_20180918T121106.log
socco_461,,20180918T122439,-2849.011,3228.480,13.5305149343244,76.4238559430789,-2747,3248,36.0715004070892,2.49783272283272,2.5,socco_461_network_20180918T122439.log
socco_461,,20180918T150524,-2849.011,3228.480,13.4914969688401,75.5770816610598,-2747,3248,37.3670650585785,2.4979242979243,2.5,socco_461_network_20180918T150524.log
socco_461,,20180918T150524,-2849.011,3228.480,13.5140202012476,75.5382752194972,-2747,3248,37.4264389141693,2.49801587301587,2.5,socco_461_network_20180918T150524.log
socco_461,,20180918T152941,-2849.011,3228.480,13.5301505737881,75.468422627378,-2747,3248,37.5333133801117,2.49798534798535,2.5,socco_461_network_20180918T152941.log
socco_461,,20180918T153513,-2849.011,3228.480,13.5267789656169,75.448242130863,-2747,3248,37.5641895397797,2.49813797313797,2.5,socco_461_network_20180918T153513.log
socco_461,,20180918T154026,-2849.011,3228.480,13.531411436096,75.4234054597443,-2747,3248,37.6021896465912,2.49722222222222,2.4998778998779,socco_461_network_20180918T154026.log
socco_461,,20180918T155705,-2856.109,3225.766,13.4992874705216,75.3271641383053,-2857.54,3218.64,37.749438868393,2.4965811965812,2.49957264957265,socco_461_network_20180918T155705.log
socco_461,,20180918T161207,-2856.788,3225.569,13.5017561762529,75.2697305050619,-2856.77630001983,3225.57019999989,37.8373123272552,2.49655067155067,2.49908424908425,socco_461_network_20180918T161207.log
socco_461,lastgasp.mi,20180918T161207,-2856.788,3225.569,13.4905307420137,75.2487733561298,-2856.77630001983,3225.57019999989,37.8693767651214,2.49740537240537,2.5,socco_461_network_20180918T161207.log
socco_461,lastgasp.mi,20180918T161942,-2856.984,3225.513,13.5122843306722,75.2324736284343,-2856.77630001983,3225.57019999989,37.8943153484955,2.4958485958486,2.49923687423687,socco_461_network_20180918T161942.log
socco_461,lastgasp.mi,20180918T162410,-2857.183,3225.453,13.545453261177,75.2115189727683,-2856.77630001983,3225.57019999989,37.9263759716644,2.49856532356532,2.5,socco_461_network_20180918T162410.log
socco_461,lastgasp.mi,20180918T162955,-2857.367,3225.393,13.5379476658548,75.1952192450729,-2856.77630001983,3225.57019999989,37.9513145550384,2.49896214896215,2.5,socco_461_network_20180918T162955.log
socco_461,lastgasp.mi,20180918T163549,-2857.554,3225.326,13.5308450009713,75.1796974164277,-2856.77630001983,3225.57019999989,37.9750629528656,2.4958485958486,2.49969474969475,socco_461_network_20180918T163549.log
socco_461,lastgasp.mi,20180918T164148,-2857.736,3225.261,13.5489492337087,75.1641743411494,-2856.77630001983,3225.57019999989,37.9988132580414,2.49905372405372,2.5,socco_461_network_20180918T164148.log
socco_461,lastgasp.mi,20180918T164148,-2857.736,3225.261,13.5532448460745,75.1509799764895,-2856.77630001983,3225.57019999989,38.0190006359711,2.49716117216117,2.5,socco_461_network_20180918T164148.log
socco_461,,20180918T164918,-2857.913,3225.194,13.563915445341,75.1393376700308,-2856.77630001983,3225.57019999989,38.0368133648529,2.49893162393162,2.5,socco_461_network_20180918T164918.log
socco_461,,20180918T170027,-2858.144,3225.104,13.5258362261282,75.0671563672932,-2856.77630001983,3225.57019999989,38.1472507580414,2.4965811965812,2.49966422466422,socco_461_network_20180918T170027.log
socco_461,,20180918T171119,-2858.144,3225.104,13.5495562784209,75.0213625472424,-2856.77630001983,3225.57019999989,38.2173153027191,2.49871794871795,2.5,socco_461_network_20180918T171119.log
socco_461,lastgasp.mi,20180918T172251,-2858.924,3224.792,13.529537554183,74.9755712204578,-2858.91020002006,3224.79819999988,38.2873760326996,2.49554334554334,2.49960317460317,socco_461_network_20180918T172251.log
socco_461,,20180918T185132,-2858.924,3224.792,13.5154962613791,74.512989311677,-2858.91020002006,3224.79819999988,38.9951263531342,2.49636752136752,2.49960317460317,socco_461_network_20180918T185132.log
socco_461,,20180918T185132,-2858.924,3224.792,13.5496194168396,74.3911346667022,-2858.91020002006,3224.79819999988,39.1815639599457,2.49920634920635,2.5,socco_461_network_20180918T185132.log
socco_461,,20180918T193411,-2858.924,3224.792,13.5684186525375,74.3437912817163,-2858.91020002006,3224.79819999988,39.253999338974,2.497557997558,2.4997557997558,socco_461_network_20180918T193411.log
socco_461,,20180918T195319,-2903.098,3222.894,13.5303531836473,74.2366830596026,-2850.16,3231,39.417874918808,2.49884004884005,2.5,socco_461_network_20180918T195319.log
socco_461,,20180918T195752,-2903.098,3222.894,13.4980237491492,74.2118451418509,-2850.16,3231,39.4558769329681,2.4978021978022,2.49990842490842,socco_461_network_20180918T195752.log
socco_461,,20180918T230726,-2904.418,3222.144,13.6199911504572,73.7818614418279,-2850.16,3231,40.1137519940033,2.49764957264957,2.49990842490842,socco_461_network_20180918T230726.log
socco_461,GINA18.MI,20180918T230726,-2904.418,3222.144,13.6199911504572,73.7803093836267,-2850.16,3231,40.1161266430511,2.49764957264957,2.49990842490842,socco_461_network_20180918T230726.log
socco_461,GINA18.MI,20180918T230726,-2904.418,3222.144,13.5853746231644,73.6328426617491,-2850.16,3231,40.3417507275238,2.49868742368742,2.5,socco_461_network_20180918T230726.log
socco_461,GINA18.MI,20180919T021750,-2906.425,3221.389,13.5765989731314,73.256413072783,-2850.16,3231,40.917687998642,2.4978021978022,2.4998778998779,socco_461_network_20180919T021750.log
socco_461,GINA18.MI,20180919T021750,-2906.425,3221.389,13.546399795831,73.2137233691346,-2850.16,3231,40.983003245224,2.49429181929182,2.49972527472527,socco_461_network_20180919T021750.log
socco_461,GINA18.MI,20180919T053541,-2907.765,3220.843,13.5385312740268,72.7806355527092,-2850.16,3231,41.6456276043548,2.49722222222222,2.5,socco_461_network_20180919T053541.log
socco_461,GINA18.MI,20180919T053541,-2907.765,3220.843,13.495796656748,72.7309647037381,-2850.16,3231,41.7216240032806,2.49349816849817,2.4969474969475,socco_461_network_20180919T053541.log
socco_461,GINA18.MI,20180919T061828,-2908.629,3220.705,13.478723984513,72.6191990603877,-2850.16,3231,41.8926254376068,2.49752747252747,2.5,socco_461_network_20180919T061828.log
socco_461,GINA18.MI,20180919T061828,-2908.629,3220.705,13.4477481612772,72.5889283156152,-2850.16,3231,41.9389396771088,2.49734432234432,2.5,socco_461_network_20180919T061828.log
socco_461,GINA18.MI,20180919T061828,-2908.629,3220.705,13.4477481612772,72.5889283156152,-2850.16,3231,41.9389396771088,2.49734432234432,2.5,-2850.1600,3231.0000,37981m,50deg,socco_461_network_20180919T061828.log
socco_461,GINA18.MI,20180919T121830,-2911.534,3218.970,13.5080976638824,71.77475473562,-2850.16,3231,43.1846252545013,2.49786324786325,2.5,-2850.1600,3231.0000,44036m,50deg,socco_461_network_20180919T121830.log
socco_461,GINA18.MI,20180919T121830,-2911.534,3218.970,13.4735917977029,71.6917065322078,-2850.16,3231,43.311689005722,2.4981684981685,2.5,-2850.1600,3231.0000,44036m,50deg,socco_461_network_20180919T121830.log
socco_461,,20180920T022828,-2919.902,3215.059,13.4159333125151,69.719525498743,-2850.16,3231,46.3291259869232,2.49392551892552,2.5,-2850.1600,3231.0000,44036m,50deg,socco_461_network_20180920T022828.log
socco_461,,20180920T034347,-2919.902,3215.059,13.3221065610916,69.357842332638,-2850.16,3231,46.8825012310638,2.49856532356532,2.5,-2850.1600,3231.0000,44036m,50deg,socco_461_network_20180920T034347.log
socco_461,,20180920T035006,-2921.617,3214.019,13.3476709081421,69.3446479679781,-2850.16,3231,46.9026886089935,2.49871794871795,2.5,-2850.1600,3231.0000,44036m,50deg,socco_461_network_20180920T035006.log
socco_461,,20180920T035006,-2921.617,3214.019,13.2983002074404,69.3291248926998,-2850.16,3231,46.9264389141693,2.498778998779,2.5,-2850.1600,3231.0000,44036m,50deg,socco_461_network_20180920T035006.log
socco_461,GINA18.MI,20180920T065408,-2923.662,3210.644,13.3892784734626,68.8952616704903,-2912.9,3207.44,47.5902496441498,2.49798534798535,2.5,-2912.9000,3207.4400,20541m,10deg,socco_461_network_20180920T065408.log
socco_461,GINA18.MI,20180920T190254,-2927.935,3203.326,13.3122519904108,67.2195673856149,-2912.9,3207.44,50.1540619000091,2.49749694749695,2.49993894993895,-2912.9000,3207.4400,28553m,38deg,socco_461_network_20180920T190254.log
socco_461,GINA18.MI,20180920T190254,-2927.935,3203.326,13.2912829889117,66.9843950390884,-2912.9,3207.44,50.5138755901947,2.49929792429792,2.5,-2912.9000,3207.4400,28553m,38deg,socco_461_network_20180920T190254.log
socco_461,,20180920T195201,-2929.185,3202.258,13.2117567198339,66.9618858319551,-2912.9,3207.44,50.5483146771088,2.49774114774115,2.49990842490842,-2912.9000,3207.4400,28553m,38deg,socco_461_network_20180920T195201.log
socco_461,,20180920T201148,-2929.185,3202.258,13.2065656476684,66.8788376285428,-2912.9,3207.44,50.6753784283295,2.49758852258852,2.49993894993895,-2912.9000,3207.4400,28553m,38deg,socco_461_network_20180920T201148.log
socco_461,,20180920T201148,-2929.185,3202.258,13.1782815810538,66.8501201886046,-2912.9,3207.44,50.7193161114349,2.49752747252747,2.5,-2912.9000,3207.4400,28553m,38deg,socco_461_network_20180920T201148.log
socco_461,lastgasp.mi,20180920T202301,-2929.858,3201.731,13.2087407206753,66.8338217075422,-2929.84650002328,3201.73799999971,50.7442527874603,2.49850427350427,2.5,-2929.8465,3201.7380,23m,54deg,socco_461_network_20180920T202301.log
socco_461,lastgasp.mi,20180920T202301,-2929.858,3201.731,13.1950448820732,66.7507759973962,-2929.84650002328,3201.73799999971,50.8713127239838,2.49893162393162,2.5,-2929.8465,3201.7380,23m,54deg,socco_461_network_20180920T202301.log
socco_461,lastgasp.mi,20180920T213957,-2930.609,3201.057,13.3099867976308,66.5551867448495,-2929.84650002328,3201.73799999971,51.1705642803802,2.49832112332112,2.5,-2929.8465,3201.7380,1787m,62deg,socco_461_network_20180920T213957.log
socco_461,lastgasp.mi,20180920T213957,-2930.609,3201.057,13.2469539975572,66.538885770521,-2929.84650002328,3201.73799999971,51.1955047711029,2.49691697191697,2.49905372405372,-2929.8465,3201.7380,1787m,62deg,socco_461_network_20180920T213957.log
socco_461,,20180920T215417,-2930.609,3201.057,13.2526299577549,66.4915436321682,-2929.84650002328,3201.73799999971,51.2679382427826,2.49667277167277,2.49942002442002,-2929.8465,3201.7380,1787m,62deg,socco_461_network_20180920T215417.log
socco_461,,20180920T220757,-2931.108,3200.586,13.2986120933701,66.4480785227358,-2929.84650002328,3201.73799999971,51.3344398602142,2.49349816849817,2.49697802197802,-2929.8465,3201.7380,1787m,62deg,socco_461_network_20180920T220757.log
socco_461,,20180920T221855,-2931.108,3200.586,13.2532309409801,66.3937477592618,-2929.84650002328,3201.73799999971,51.4175659283295,2.49426129426129,2.49783272283272,-2929.8465,3201.7380,1787m,62deg,socco_461_network_20180920T221855.log
socco_461,,20180920T222553,-2931.398,3200.318,13.3022091654358,66.3774492781994,-2929.84650002328,3201.73799999971,51.4425026043549,2.4985347985348,2.5,-2929.8465,3201.7380,1787m,62deg,socco_461_network_20180920T222553.log
socco_461,,20180920T223214,-2931.500,3200.228,13.3202195881135,66.3642549135395,-2929.84650002328,3201.73799999971,51.4626899822845,2.4962148962149,2.4982905982906,-2929.8465,3201.7380,1787m,62deg,socco_461_network_20180920T223214.log
socco_461,,20180920T224615,-2931.610,3200.140,13.1851384307097,66.2726697667041,-2929.18,3151.21,51.6028152569428,2.49713064713065,2.49978632478632,-2929.8465,3201.7380,1787m,62deg,socco_461_network_20180920T224615.log
socco_461,GINA18.MI,20180921T012516,-2933.181,3157.173,13.3528147167158,65.8985676417232,-2929.18,3151.21,52.1751915081634,2.49752747252747,2.5,-2929.1800,3151.2100,12140m,332deg,socco_461_network_20180921T012516.log
socco_461,,20180921T015227,-2933.181,3157.173,13.3528147167158,65.7503280073278,-2929.18,3151.21,52.4019981487884,2.49752747252747,2.5,-2929.1800,3151.2100,12140m,332deg,socco_461_network_20180921T015227.log
socco_461,GINA18.MI,20180921T042159,-2933.492,3154.370,13.3116332401534,65.3971792913798,-2929.18,3151.21,52.9423156841888,2.4974358974359,2.49981684981685,-2929.1800,3151.2100,9460m,351deg,socco_461_network_20180921T042159.log
socco_461,GINA18.MI,20180921T042159,-2933.492,3154.370,13.2978690783704,65.2923997798845,-2929.18,3151.21,53.1026283367767,2.4986568986569,2.49993894993895,-2929.1800,3151.2100,9460m,351deg,socco_461_network_20180921T042159.log
socco_461,GINA18.MI,20180921T042159,-2933.492,3154.370,13.2783473719986,65.2869694461299,-2929.18,3151.21,53.1109367474213,2.49822954822955,2.49996947496947,-2929.1800,3151.2100,9460m,351deg,socco_461_network_20180921T042159.log
socco_461,GINA18.MI,20180921T065802,-2932.788,3152.725,13.3023473846134,64.9617652576023,-2929.18,3151.21,53.6084991558685,2.4973137973138,2.49993894993895,-2929.1800,3151.2100,7099m,4deg,socco_461_network_20180921T065802.log
socco_461,GINA18.MI,20180921T065802,-2932.788,3152.725,13.2947851422206,64.9175247423858,-2929.18,3151.21,53.6761871441498,2.4981684981685,2.5,-2929.1800,3151.2100,7099m,4deg,socco_461_network_20180921T065802.log
socco_461,GINA18.MI,20180921T065802,-2932.788,3152.725,13.2925916096835,64.9089853056964,-2929.18,3151.21,53.6892524822845,2.49398656898657,2.49685592185592,-2929.1800,3151.2100,7099m,4deg,socco_461_network_20180921T065802.log
socco_461,GINA18.MI,20180921T090910,-2931.801,3151.711,13.2887935674897,64.6078436291364,-2929.18,3151.21,54.1499992474213,2.49758852258852,2.49981684981685,-2929.1800,3151.2100,4907m,15deg,socco_461_network_20180921T090910.log
socco_461,GINA18.MI,20180921T090910,-2931.801,3151.711,13.249308483838,64.5713646515591,-2929.18,3151.21,54.2058120831146,2.4979242979243,2.5,-2929.1800,3151.2100,4907m,15deg,socco_461_network_20180921T090910.log
socco_461,GINA18.MI,20180921T110459,-2930.853,3151.451,13.2898002763468,64.2942805004344,-2929.18,3151.21,54.6297508343353,2.49407814407814,2.49880952380952,-2929.1800,3151.2100,3115m,17deg,socco_461_network_20180921T110459.log
socco_461,GINA18.MI,20180921T110459,-2930.853,3151.451,13.2751254990173,64.2585794219073,-2929.18,3151.21,54.6843734844818,2.49813797313797,2.5,-2929.1800,3151.2100,3115m,17deg,socco_461_network_20180921T110459.log
socco_461,GINA18.MI,20180921T110459,-2930.853,3151.451,13.2693750980777,64.2500399852179,-2929.18,3151.21,54.6974388226166,2.4979242979243,2.49996947496947,-2929.1800,3151.2100,3115m,17deg,socco_461_network_20180921T110459.log
socco_461,GINA18.MI,20180921T125006,-2930.156,3151.224,13.2762247484517,63.997793751845,-2929.18,3151.21,55.0833755596771,2.49438339438339,2.49981684981685,-2929.1800,3151.2100,1803m,23deg,socco_461_network_20180921T125006.log
socco_461,GINA18.MI,20180921T125006,-2930.156,3151.224,13.2222482931124,63.9496712211759,-2929.18,3151.21,55.157003031601,2.49661172161172,2.5,-2929.1800,3151.2100,1803m,23deg,socco_461_network_20180921T125006.log
socco_461,GINA18.MI,20180921T142014,-2929.770,3151.079,13.2750329423103,63.7276957325755,-2929.18,3151.21,55.4966255291595,2.49807692307692,2.49990842490842,-2929.1800,3151.2100,1111m,35deg,socco_461_network_20180921T142014.log
socco_461,GINA18.MI,20180921T142014,-2929.770,3151.079,13.2630168275665,63.6982028868532,-2929.18,3151.21,55.5417495831146,2.49810744810745,2.5,-2929.1800,3151.2100,1111m,35deg,socco_461_network_20180921T142014.log
socco_461,GINA18.MI,20180921T142014,-2929.770,3151.079,13.2456265001212,63.6896634501638,-2929.18,3151.21,55.5548149212494,2.49835164835165,2.5,-2929.1800,3151.2100,1111m,35deg,socco_461_network_20180921T142014.log
socco_461,,20180921T154208,-2929.447,3151.037,13.2804044532556,63.4855372541939,-2929.18,3151.21,55.8671280010834,2.49783272283272,2.5,-2929.1800,3151.2100,1111m,35deg,socco_461_network_20180921T154208.log
socco_461,GINA18.MI,20180921T154208,-2929.447,3151.037,13.2799283546944,63.4824356310576,-2929.18,3151.21,55.8718734844818,2.4978021978022,2.5,-2929.1800,3151.2100,568m,54deg,socco_461_network_20180921T154208.log
socco_461,GINA18.MI,20180921T154208,-2929.447,3151.037,13.2752753017078,63.4490582766165,-2929.18,3151.21,55.9229408367767,2.4981684981685,2.5,-2929.1800,3151.2100,568m,54deg,socco_461_network_20180921T154208.log
socco_461,,20180921T155433,-2929.465,3150.995,13.1815046943033,63.4327597955542,-2929.18,3151.21,55.9478775128021,2.49798534798535,2.5,-2929.1800,3151.2100,568m,54deg,socco_461_network_20180921T155433.log
socco_461,,20180921T160723,-2929.465,3150.995,13.1531449454052,63.3652371606864,-2929.18,3151.21,56.0511871441498,2.4982905982906,2.5,-2929.1800,3151.2100,568m,54deg,socco_461_network_20180921T160723.log
socco_461,lastgasp.mi,20180921T161339,-2929.470,3150.966,13.1888538815098,63.3520403027603,-2929.47010002324,3150.96729999953,56.0713783367767,2.49859584859585,2.5,-2929.4701,3150.9673,2m,128deg,socco_461_network_20180921T161339.log
socco_461,lastgasp.mi,20180921T161339,-2929.470,3150.966,13.2035136884119,63.2705454041824,-2929.47010002324,3150.96729999953,56.1960655316009,2.498778998779,2.5,-2929.4701,3150.9673,2m,128deg,socco_461_network_20180921T161339.log
socco_461,lastgasp.mi,20180921T165620,-2929.583,3150.917,13.2566480463451,63.1874996940363,-2929.47010002324,3150.96729999953,56.3231254681244,2.49594017094017,2.5,-2929.4701,3150.9673,223m,45deg,socco_461_network_20180921T165620.log
socco_461,lastgasp.mi,20180921T165620,-2929.583,3150.917,13.2522286538033,63.1634371820687,-2929.47010002324,3150.96729999953,56.3670631512298,2.49887057387057,2.5,-2929.4701,3150.9673,223m,45deg,socco_461_network_20180921T165620.log
socco_461,lastgasp.mi,20180921T165620,-2929.583,3150.917,13.2522286538033,63.1587822540981,-2929.47010002324,3150.96729999953,56.3670631512298,2.49887057387057,2.5,-2929.4701,3150.9673,223m,45deg,socco_461_network_20180921T165620.log
socco_461,lastgasp.mi,20180921T173236,-2929.627,3150.894,13.2439350631581,63.049345321366,-2929.47010002324,3150.96729999953,56.5345016583099,2.4981684981685,2.49996947496947,-2929.4701,3150.9673,313m,46deg,socco_461_network_20180921T173236.log
socco_461,lastgasp.mi,20180921T182336,-2929.692,3150.801,13.2866775865298,62.9150729641484,-2929.47010002324,3150.96729999953,56.7399383648529,2.49386446886447,2.49771062271062,-2929.4701,3150.9673,490m,57deg,socco_461_network_20180921T182336.log
socco_461,lastgasp.mi,20180921T182336,-2929.692,3150.801,13.2645205422809,62.8848022193759,-2929.47010002324,3150.96729999953,56.7862526043548,2.49529914529914,2.49880952380952,-2929.4701,3150.9673,490m,57deg,socco_461_network_20180921T182336.log
socco_461,lastgasp.mi,20180921T182336,-2929.692,3150.801,13.1765585850012,62.7132754787969,-2929.47010002324,3150.96729999953,57.0486885174408,2.49810744810745,2.49996947496947,-2929.4701,3150.9673,490m,57deg,socco_461_network_20180921T182336.log
socco_461,GINA18.MI,20180921T202038,-2930.746,3151.066,13.2863908465142,62.4990590345694,-2933.47,3159.33,57.3764396771088,2.4979242979243,2.5,-2933.4700,3159.3300,14263m,135deg,socco_461_network_20180921T202038.log
socco_461,GINA18.MI,20180921T202038,-2930.746,3151.066,13.2713884538084,62.4113559031867,-2933.47,3159.33,57.5106254681244,2.49777167277167,2.5,-2933.4700,3159.3300,14263m,135deg,socco_461_network_20180921T202038.log
socco_461,GINA18.MI,20180921T202038,-2930.746,3151.066,13.2713884538084,62.40669848195,-2933.47,3159.33,57.5177513226166,2.4968253968254,2.5,-2933.4700,3159.3300,14263m,135deg,socco_461_network_20180921T202038.log
socco_461,GINA18.MI,20180921T221651,-2931.693,3151.738,13.2769889399975,62.1490169282901,-2933.47,3159.33,57.9120040997162,2.49291819291819,2.49624542124542,-2933.4700,3159.3300,12692m,129deg,socco_461_network_20180921T221651.log
socco_461,GINA18.MI,20180921T221651,-2931.693,3151.738,13.2629962437295,62.1117650381948,-2933.47,3159.33,57.9689994915619,2.49810744810745,2.5,-2933.4700,3159.3300,12692m,129deg,socco_461_network_20180921T221651.log
socco_461,GINA18.MI,20180922T001913,-2932.723,3152.674,13.2545023073368,61.8245906388127,-2933.47,3159.33,58.4083763226166,2.4978021978022,2.49996947496947,-2933.4700,3159.3300,10837m,121deg,socco_461_network_20180922T001913.log
socco_461,GINA18.MI,20180922T001913,-2932.723,3152.674,13.2172182242542,61.7881116612353,-2933.47,3159.33,58.4641891583099,2.49456654456654,2.49758852258852,-2933.4700,3159.3300,10837m,121deg,socco_461_network_20180922T001913.log
socco_461,GINA18.MI,20180922T001913,-2932.723,3152.674,13.2172182242542,61.7834542399986,-2933.47,3159.33,58.4713150128021,2.49786324786325,2.5,-2933.4700,3159.3300,10837m,121deg,socco_461_network_20180922T001913.log
socco_461,,20180922T024701,-2933.847,3153.935,13.2490421743087,61.4504885138318,-2933.47,3159.33,58.9807525738373,2.49789377289377,2.5,-2933.4700,3159.3300,10837m,121deg,socco_461_network_20180922T024701.log
socco_461,GINA18.MI,20180922T024701,-2933.847,3153.935,13.2490421743087,61.4466089916454,-2933.47,3159.33,58.9866882427826,2.49416971916972,2.49929792429792,-2933.4700,3159.3300,8739m,110deg,socco_461_network_20180922T024701.log
socco_461,GINA18.MI,20180922T024701,-2933.847,3153.935,13.2124645167438,61.4046971870472,-2933.47,3159.33,59.0508133038177,2.4980463980464,2.5,-2933.4700,3159.3300,8739m,110deg,socco_461_network_20180922T024701.log
socco_461,GINA18.MI,20180922T053845,-2934.998,3155.530,13.2085489191693,61.020507307075,-2933.47,3159.33,59.6386238201752,2.4974358974359,2.49996947496947,-2933.4700,3159.3300,6753m,89deg,socco_461_network_20180922T053845.log
socco_461,GINA18.MI,20180922T053845,-2934.998,3155.530,13.1907387158971,60.9840283294977,-2933.47,3159.33,59.6944366558685,2.49764957264957,2.4998778998779,-2933.4700,3159.3300,6753m,89deg,socco_461_network_20180922T053845.log
socco_461,GINA18.MI,20180922T053845,-2934.998,3155.530,13.1894210460793,60.9754888928083,-2933.47,3159.33,59.7075019940033,2.49752747252747,2.5,-2933.4700,3159.3300,6753m,89deg,socco_461_network_20180922T053845.log
socco_461,GINA18.MI,20180922T082934,-2935.695,3156.957,13.2009938621468,60.5944006359724,-2933.47,3159.33,60.2905670269623,2.49832112332112,2.49996947496947,-2933.4700,3159.3300,5618m,67deg,socco_461_network_20180922T082934.log
socco_461,GINA18.MI,20180922T082934,-2935.695,3156.957,13.1566159196698,60.5672389941346,-2933.47,3159.33,60.332124338974,2.4981684981685,2.5,-2933.4700,3159.3300,5618m,67deg,socco_461_network_20180922T082934.log
socco_461,GINA18.MI,20180922T082934,-2935.695,3156.957,13.1348378937115,60.5245492904862,-2933.47,3159.33,60.397439585556,2.49826007326007,2.5,-2933.4700,3159.3300,5618m,67deg,socco_461_network_20180922T082934.log
socco_461,GINA18.MI,20180922T113400,-2936.236,3157.688,13.1586642366453,60.1271650458542,-2933.47,3159.33,61.0054374798431,2.49795482295482,2.49996947496947,-2933.4700,3159.3300,5755m,52deg,socco_461_network_20180922T113400.log
socco_461,GINA18.MI,20180922T113400,-2936.236,3157.688,13.141566066949,60.0906860682768,-2933.47,3159.33,61.0612503155365,2.49798534798535,2.49996947496947,-2933.4700,3159.3300,5755m,52deg,socco_461_network_20180922T113400.log
socco_461,GINA18.MI,20180922T113400,-2936.236,3157.688,13.137221774302,60.0805958200193,-2933.47,3159.33,61.0766883953705,2.49490231990232,2.49917582417582,-2933.4700,3159.3300,5755m,52deg,socco_461_network_20180922T113400.log
socco_461,GINA18.MI,20180922T143139,-2936.802,3157.834,13.1715327389041,59.6878665033577,-2933.47,3159.33,61.6775642498627,2.49798534798535,2.49993894993895,-2933.4700,3159.3300,6611m,46deg,socco_461_network_20180922T143139.log
socco_461,GINA18.MI,20180922T143139,-2936.802,3157.834,13.1271257940115,59.6343111456678,-2933.47,3159.33,61.7595039471283,2.49798534798535,2.5,-2933.4700,3159.3300,6611m,46deg,socco_461_network_20180922T143139.log
socco_461,GINA18.MI,20180922T173231,-2937.530,3157.424,13.162043123473,59.2330473788492,-2933.47,3159.33,62.3734375103607,2.49368131868132,2.49722222222222,-2933.4700,3159.3300,8105m,46deg,socco_461_network_20180922T173231.log
socco_461,GINA18.MI,20180922T173231,-2937.530,3157.424,13.1378808135677,59.18492484818,-2933.47,3159.33,62.4470649822846,2.49810744810745,2.5,-2933.4700,3159.3300,8105m,46deg,socco_461_network_20180922T173231.log
socco_461,GINA18.MI,20180922T173231,-2937.530,3157.424,13.1178539043721,59.1756100057066,-2933.47,3159.33,62.4613166912689,2.49847374847375,2.49993894993895,-2933.4700,3159.3300,8105m,46deg,socco_461_network_20180922T173231.log
socco_461,GINA18.MI,20180922T203933,-2938.553,3157.162,13.1020116077138,58.7634780915803,-2933.47,3159.33,63.0918785198822,2.49746642246642,2.4997557997558,-2933.4700,3159.3300,10019m,45deg,socco_461_network_20180922T203933.log
socco_461,GINA18.MI,20180922T234927,-2939.412,3156.823,13.1234099693331,58.3109876776901,-2933.47,3159.33,63.7841888531342,2.49700854700855,2.49972527472528,-2933.4700,3159.3300,11696m,44deg,socco_461_network_20180922T234927.log
socco_461,GINA18.MI,20180922T234927,-2939.412,3156.823,13.0795597308375,58.2302681848962,-2933.47,3159.33,63.9076896771088,2.4982905982906,2.5,-2933.4700,3159.3300,11696m,44deg,socco_461_network_20180922T234927.log
socco_461,GINA18.MI,20180923T031439,-2940.836,3156.538,13.0844305910182,57.7824351922428,-2933.47,3159.33,64.5928741558685,2.49783272283272,2.5,-2933.4700,3159.3300,14331m,42deg,socco_461_network_20180923T031439.log
socco_461,GINA18.MI,20180923T031439,-2940.836,3156.538,13.0768988141612,57.7343126615736,-2933.47,3159.33,64.6665016277924,2.4979242979243,2.49996947496947,-2933.4700,3159.3300,14331m,42deg,socco_461_network_20180923T031439.log
socco_461,GINA18.MI,20180923T063452,-2942.179,3156.067,13.0928515959083,57.2857017698699,-2933.47,3159.33,65.352876292099,2.49667277167277,2.4996336996337,-2933.4700,3159.3300,16925m,42deg,socco_461_network_20180923T063452.log
socco_461,GINA18.MI,20180923T063452,-2942.179,3156.067,13.0660510256041,57.2391325440351,-2933.47,3159.33,65.4241272076263,2.49789377289377,2.5,-2933.4700,3159.3300,16925m,42deg,socco_461_network_20180923T063452.log
socco_461,GINA18.MI,20180923T095425,-2943.410,3155.564,13.0754107170596,56.7990585957546,-2933.47,3159.33,66.0974403484955,2.49710012210012,2.49993894993895,-2933.4700,3159.3300,19337m,42deg,socco_461_network_20180923T095425.log
socco_461,GINA18.MI,20180923T095425,-2943.410,3155.564,12.99022714846,56.7408483100941,-2933.47,3159.33,66.186502085556,2.49795482295482,2.5,-2933.4700,3159.3300,19337m,42deg,socco_461_network_20180923T095425.log
socco_461,,20180923T102500,-2944.379,3154.922,13.0345850119718,56.665561644321,-2933.47,3159.33,66.3016906841888,2.4970695970696,2.49969474969475,-2933.4700,3159.3300,19337m,42deg,socco_461_network_20180923T102500.log
socco_461,,20180923T102500,-2944.379,3154.922,12.9297221792046,56.6492631632587,-2933.47,3159.33,66.3266273602142,2.4965811965812,2.49993894993895,-2933.4700,3159.3300,19337m,42deg,socco_461_network_20180923T102500.log
socco_461,GINA18.MI,20180923T133212,-2946.661,3151.865,13.0755694391386,56.2169507526173,-2938.49,3139.26,66.9880653484955,2.49826007326007,2.49996947496947,-2938.4900,3139.2600,25316m,331deg,socco_461_network_20180923T133212.log
socco_461,GINA18.MI,20180923T133212,-2946.661,3151.865,13.0588709282419,56.0617224931006,-2938.49,3139.26,67.225564585556,2.49850427350427,2.49996947496947,-2938.4900,3139.2600,25316m,331deg,socco_461_network_20180923T133212.log
socco_461,GINA18.MI,20180923T165807,-2949.070,3148.372,13.0643830342214,55.6426044471192,-2938.49,3139.26,67.8668151959076,2.49377289377289,2.4968253968254,-2938.4900,3139.2600,24448m,347deg,socco_461_network_20180923T165807.log
socco_461,GINA18.MI,20180923T165807,-2949.070,3148.372,13.0581527894074,55.6030213531394,-2938.49,3139.26,67.9345031841888,2.49795482295482,2.5,-2938.4900,3139.2600,24448m,347deg,socco_461_network_20180923T165807.log
socco_461,GINA18.MI,20180923T165807,-2949.070,3148.372,13.0441431270722,55.5929311048819,-2938.49,3139.26,67.9428154095306,2.49795482295482,2.49984737484738,-2938.4900,3139.2600,24448m,347deg,socco_461_network_20180923T165807.log
socco_461,GINA18.MI,20180923T195757,-2950.590,3145.682,13.0422161396756,55.1916648447972,-2938.49,3139.26,68.5567527874603,2.49368131868132,2.4965811965812,-2938.4900,3139.2600,24631m,360deg,socco_461_network_20180923T195757.log
socco_461,GINA18.MI,20180923T195757,-2950.590,3145.682,13.0346997760133,55.148977634415,-2938.49,3139.26,68.6220642193451,2.4982905982906,2.5,-2938.4900,3139.2600,24631m,360deg,socco_461_network_20180923T195757.log
socco_461,GINA18.MI,20180923T195757,-2950.590,3145.682,13.0256356592178,55.1404406909918,-2938.49,3139.26,68.6351257427826,2.49844322344322,2.5,-2938.4900,3139.2600,24631m,360deg,socco_461_network_20180923T195757.log
socco_461,GINA18.MI,20180923T224957,-2951.654,3143.394,13.0005130040323,54.7562483177534,-2938.49,3139.26,69.2229400738373,2.49688644688645,2.49960317460317,-2938.4900,3139.2600,25211m,9deg,socco_461_network_20180923T224957.log
socco_461,GINA18.MI,20180923T224957,-2951.654,3143.394,12.9853898922405,54.6941585099064,-2938.49,3139.26,69.3179374798431,2.49737484737485,2.5,-2938.4900,3139.2600,25211m,9deg,socco_461_network_20180923T224957.log
socco_461,GINA18.MI,20180923T224957,-2951.654,3143.394,12.9823957137613,54.69027898772,-2938.49,3139.26,69.3238731487884,2.49447496947497,2.49801587301587,-2938.4900,3139.2600,25211m,9deg,socco_461_network_20180923T224957.log
socco_461,GINA18.MI,20180924T013948,-2952.471,3141.888,13.019131014933,54.3130727463367,-2938.49,3139.26,69.9009986981048,2.4976800976801,2.49996947496947,-2938.4900,3139.2600,26169m,15deg,socco_461_network_20180924T013948.log
socco_461,GINA18.MI,20180924T041836,-2952.905,3140.571,13.0241605085837,53.9203434296751,-2938.49,3139.26,70.501874552597,2.49761904761905,2.49984737484737,-2938.4900,3139.2600,26709m,20deg,socco_461_network_20180924T041836.log
socco_461,GINA18.MI,20180924T041836,-2952.905,3140.571,13.0044454112459,53.852815808275,-2938.49,3139.26,70.6051918133392,2.49798534798535,2.49996947496947,-2938.4900,3139.2600,26709m,20deg,socco_461_network_20180924T041836.log
socco_461,GINA18.MI,20180924T065857,-2953.493,3139.146,13.0059632335881,53.4942367585724,-2938.49,3139.26,71.1538177593842,2.49362026862027,2.49661172161172,-2938.4900,3139.2600,27713m,25deg,socco_461_network_20180924T065857.log
socco_461,GINA18.MI,20180924T065857,-2953.493,3139.146,12.93927012249,53.4399109816308,-2938.49,3139.26,71.2369361981048,2.49392551892552,2.49642857142857,-2938.4900,3139.2600,27713m,25deg,socco_461_network_20180924T065857.log
socco_461,GINA18.MI,20180924T092920,-2954.048,3137.739,12.9813746284158,53.0968525139403,-2938.49,3139.26,71.7618156536713,2.497557997558,2.49957264957265,-2938.4900,3139.2600,28842m,29deg,socco_461_network_20180924T092920.log
socco_461,GINA18.MI,20180924T092920,-2954.048,3137.739,12.9627833391267,53.0339848070431,-2938.49,3139.26,71.858003245224,2.4980463980464,2.49978632478632,-2938.4900,3139.2600,28842m,29deg,socco_461_network_20180924T092920.log
socco_461,GINA18.MI,20180924T115821,-2954.668,3136.600,12.9820880745858,52.698690370258,-2938.49,3139.26,72.3710037335052,2.49783272283272,2.49984737484737,-2938.4900,3139.2600,30188m,32deg,socco_461_network_20180924T115821.log
socco_461,GINA18.MI,20180924T115821,-2954.668,3136.600,12.9782206590686,52.6560031598758,-2938.49,3139.26,72.43631516539,2.4980463980464,2.49996947496947,-2938.4900,3139.2600,30188m,32deg,socco_461_network_20180924T115821.log
socco_461,GINA18.MI,20180924T115821,-2954.668,3136.600,12.9644679460311,52.6466908106686,-2938.49,3139.26,72.4505630596771,2.49801587301587,2.49996947496947,-2938.4900,3139.2600,30188m,32deg,socco_461_network_20180924T115821.log
socco_461,GINA18.MI,20180924T141733,-2955.220,3135.781,12.9892037977922,52.3238153327593,-2938.49,3139.26,72.9445625408783,2.49697802197802,2.49948107448108,-2938.4900,3139.2600,31407m,35deg,socco_461_network_20180924T141733.log
socco_461,GINA18.MI,20180924T141733,-2955.220,3135.781,12.956061425418,52.2764682078742,-2938.49,3139.26,73.0170036419525,2.49819902319902,2.49990842490842,-2938.4900,3139.2600,31407m,35deg,socco_461_network_20180924T141733.log
socco_461,,20180924T163631,-2955.931,3134.950,12.9804917016254,51.9582526444678,-2938.49,3139.26,73.5038734539642,2.49774114774115,2.49996947496947,-2938.4900,3139.2600,31407m,35deg,socco_461_network_20180924T163631.log
socco_461,,20180924T163631,-2955.931,3134.950,12.8939104090687,51.9458361788581,-2938.49,3139.26,73.522870646347,2.49774114774115,2.49993894993895,-2938.4900,3139.2600,31407m,35deg,socco_461_network_20180924T163631.log
socco_461,GINA18.MI,20180924T184237,-2957.256,3132.417,12.9587484694565,51.630722238588,-2946.36,3120.06,74.0049949749603,2.4965811965812,2.49993894993895,-2946.3600,3120.0600,28302m,340deg,socco_461_network_20180924T184237.log
socco_461,GINA18.MI,20180924T184237,-2957.256,3132.417,12.8996275995039,51.5065326498293,-2946.36,3120.06,74.1950050457611,2.49850427350427,2.5,-2946.3600,3120.0600,28302m,340deg,socco_461_network_20180924T184237.log
socco_461,GINA18.MI,20180924T205852,-2958.806,3129.680,12.9663241985223,51.216256627311,-2946.36,3120.06,74.6391273602142,2.497557997558,2.49978632478632,-2946.3600,3120.0600,27722m,350deg,socco_461_network_20180924T205852.log
socco_461,GINA18.MI,20180924T205852,-2958.806,3129.680,12.9632595442379,51.1766735333312,-2946.36,3120.06,74.6996894940033,2.49761904761905,2.5,-2946.3600,3120.0600,27722m,350deg,socco_461_network_20180924T205852.log
socco_461,GINA18.MI,20180924T205852,-2958.806,3129.680,12.9407309036114,51.168136589908,-2946.36,3120.06,74.7127510174408,2.49789377289377,2.49996947496947,-2946.3600,3120.0600,27722m,350deg,socco_461_network_20180924T205852.log
socco_461,GINA18.MI,20180924T225607,-2959.401,3127.803,12.9797979449237,50.8933836426679,-2946.36,3120.06,75.1331230267181,2.49288766788767,2.49606227106227,-2946.3600,3120.0600,27124m,357deg,socco_461_network_20180924T225607.log
socco_461,GINA18.MI,20180924T225607,-2959.401,3127.803,12.9320933805652,50.8506939390195,-2946.36,3120.06,75.1984382733002,2.49795482295482,2.49981684981685,-2946.3600,3120.0600,27124m,357deg,socco_461_network_20180924T225607.log
socco_461,,20180925T005535,-2959.514,3126.248,12.961379002385,50.5573113068325,-2946.36,3120.06,75.6473137005463,2.49377289377289,2.49728327228327,-2946.3600,3120.0600,26262m,2deg,socco_461_network_20180925T005535.log
socco_461,,20180925T024144,-2959.400,3124.857,12.9471384101672,50.2833312721103,-2946.36,3120.06,76.0665031536713,2.49481074481074,2.49798534798535,-2946.3600,3120.0600,26262m,2deg,socco_461_network_20180925T024144.log
socco_461,GINA18.MI,20180925T024144,-2959.400,3124.857,12.9399107718367,50.2794517499238,-2946.36,3120.06,76.0724388226166,2.49761904761905,2.49990842490842,-2946.3600,3120.0600,25297m,7deg,socco_461_network_20180925T024144.log
socco_461,GINA18.MI,20180925T024144,-2959.400,3124.857,12.9352969840303,50.2305538134706,-2946.36,3120.06,76.14725266539,2.49819902319902,2.5,-2946.3600,3120.0600,25297m,7deg,socco_461_network_20180925T024144.log
socco_461,GINA18.MI,20180925T024144,-2959.400,3124.857,12.9176705823306,50.2251184931836,-2946.36,3120.06,76.1555687054291,2.49822954822955,2.5,-2946.3600,3120.0600,25297m,7deg,socco_461_network_20180925T024144.log
socco_461,GINA18.MI,20180925T041900,-2959.543,3123.574,12.951509750306,49.9837404071185,-2946.36,3120.06,76.5248771771088,2.49340659340659,2.49920634920635,-2946.3600,3120.0600,25002m,11deg,socco_461_network_20180925T041900.log
socco_461,GINA18.MI,20180925T041900,-2959.543,3123.574,12.9340735204584,49.946486023757,-2946.36,3120.06,76.5818763836517,2.49401709401709,2.496336996337,-2946.3600,3120.0600,25002m,11deg,socco_461_network_20180925T041900.log
